Workbook

Sheet LLM
A2: Enter flag:
A3: Result: | B3: =IF(VERIFY!Z1=1,"✅ Correct","❌ Incorrect") -> #NAME?

Sheet BITS
B2: =MOD(com.sun.star.sheet.addin.Analysis.getQuotient(IFERROR(CODE(MID(LLM!B2,1,1)),0),2^7),2) -> #NAME?
B3: =MOD(com.sun.star.sheet.addin.Analysis.getQuotient(IFERROR(CODE(MID(LLM!B2,1,1)),0),2^6),2) -> #NAME?
B4: =MOD(com.sun.star.sheet.addin.Analysis.getQuotient(IFERROR(CODE(MID(LLM!B2,1,1)),0),2^5),2) -> #NAME?
B5: =MOD(com.sun.star.sheet.addin.Analysis.getQuotient(IFERROR(CODE(MID(LLM!B2,1,1)),0),2^4),2) -> #NAME?
B6: =MOD(com.sun.star.sheet.addin.Analysis.getQuotient(IFERROR(CODE(MID(LLM!B2,1,1)),0),2^3),2) -> #NAME?
B7: =MOD(com.sun.star.sheet.addin.Analysis.getQuotient(IFERROR(CODE(MID(LLM!B2,1,1)),0),2^2),2) -> #NAME?
B8: =MOD(com.sun.star.sheet.addin.Analysis.getQuotient(IFERROR(CODE(MID(LLM!B2,1,1)),0),2^1),2) -> #NAME?
B9: =MOD(com.sun.star.sheet.addin.Analysis.getQuotient(IFERROR(CODE(MID(LLM!B2,1,1)),0),2^0),2) -> #NAME?
B10: =MOD(com.sun.star.sheet.addin.Analysis.getQuotient(IFERROR(CODE(MID(LLM!B2,2,1)),0),2^7),2) -> #NAME?
B11: =MOD(com.sun.star.sheet.addin.Analysis.getQuotient(IFERROR(CODE(MID(LLM!B2,2,1)),0),2^6),2) -> #NAME?
B12: =MOD(com.sun.star.sheet.addin.Analysis.getQuotient(IFERROR(CODE(MID(LLM!B2,2,1)),0),2^5),2) -> #NAME?
B13: =MOD(com.sun.star.sheet.addin.Analysis.getQuotient(IFERROR(CODE(MID(LLM!B2,2,1)),0),2^4),2) -> #NAME?
B14: =MOD(com.sun.star.sheet.addin.Analysis.getQuotient(IFERROR(CODE(MID(LLM!B2,2,1)),0),2^3),2) -> #NAME?
B15: =MOD(com.sun.star.sheet.addin.Analysis.getQuotient(IFERROR(CODE(MID(LLM!B2,2,1)),0),2^2),2) -> #NAME?
B16: =MOD(com.sun.star.sheet.addin.Analysis.getQuotient(IFERROR(CODE(MID(LLM!B2,2,1)),0),2^1),2) -> #NAME?
B17: =MOD(com.sun.star.sheet.addin.Analysis.getQuotient(IFERROR(CODE(MID(LLM!B2,2,1)),0),2^0),2) -> #NAME?
B18: =MOD(com.sun.star.sheet.addin.Analysis.getQuotient(IFERROR(CODE(MID(LLM!B2,3,1)),0),2^7),2) -> #NAME?
B19: =MOD(com.sun.star.sheet.addin.Analysis.getQuotient(IFERROR(CODE(MID(LLM!B2,3,1)),0),2^6),2) -> #NAME?
B20: =MOD(com.sun.star.sheet.addin.Analysis.getQuotient(IFERROR(CODE(MID(LLM!B2,3,1)),0),2^5),2) -> #NAME?
B21: =MOD(com.sun.star.sheet.addin.Analysis.getQuotient(IFERROR(CODE(MID(LLM!B2,3,1)),0),2^4),2) -> #NAME?
B22: =MOD(com.sun.star.sheet.addin.Analysis.getQuotient(IFERROR(CODE(MID(LLM!B2,3,1)),0),2^3),2) -> #NAME?
B23: =MOD(com.sun.star.sheet.addin.Analysis.getQuotient(IFERROR(CODE(MID(LLM!B2,3,1)),0),2^2),2) -> #NAME?
B24: =MOD(com.sun.star.sheet.addin.Analysis.getQuotient(IFERROR(CODE(MID(LLM!B2,3,1)),0),2^1),2) -> #NAME?
B25: =MOD(com.sun.star.sheet.addin.Analysis.getQuotient(IFERROR(CODE(MID(LLM!B2,3,1)),0),2^0),2) -> #NAME?
B26: =MOD(com.sun.star.sheet.addin.Analysis.getQuotient(IFERROR(CODE(MID(LLM!B2,4,1)),0),2^7),2) -> #NAME?
B27: =MOD(com.sun.star.sheet.addin.Analysis.getQuotient(IFERROR(CODE(MID(LLM!B2,4,1)),0),2^6),2) -> #NAME?
B28: =MOD(com.sun.star.sheet.addin.Analysis.getQuotient(IFERROR(CODE(MID(LLM!B2,4,1)),0),2^5),2) -> #NAME?
B29: =MOD(com.sun.star.sheet.addin.Analysis.getQuotient(IFERROR(CODE(MID(LLM!B2,4,1)),0),2^4),2) -> #NAME?
B30: =MOD(com.sun.star.sheet.addin.Analysis.getQuotient(IFERROR(CODE(MID(LLM!B2,4,1)),0),2^3),2) -> #NAME?
B31: =MOD(com.sun.star.sheet.addin.Analysis.getQuotient(IFERROR(CODE(MID(LLM!B2,4,1)),0),2^2),2) -> #NAME?
B32: =MOD(com.sun.star.sheet.addin.Analysis.getQuotient(IFERROR(CODE(MID(LLM!B2,4,1)),0),2^1),2) -> #NAME?
B33: =MOD(com.sun.star.sheet.addin.Analysis.getQuotient(IFERROR(CODE(MID(LLM!B2,4,1)),0),2^0),2) -> #NAME?
B34: =MOD(com.sun.star.sheet.addin.Analysis.getQuotient(IFERROR(CODE(MID(LLM!B2,5,1)),0),2^7),2) -> #NAME?
B35: =MOD(com.sun.star.sheet.addin.Analysis.getQuotient(IFERROR(CODE(MID(LLM!B2,5,1)),0),2^6),2) -> #NAME?
B36: =MOD(com.sun.star.sheet.addin.Analysis.getQuotient(IFERROR(CODE(MID(LLM!B2,5,1)),0),2^5),2) -> #NAME?
B37: =MOD(com.sun.star.sheet.addin.Analysis.getQuotient(IFERROR(CODE(MID(LLM!B2,5,1)),0),2^4),2) -> #NAME?
B38: =MOD(com.sun.star.sheet.addin.Analysis.getQuotient(IFERROR(CODE(MID(LLM!B2,5,1)),0),2^3),2) -> #NAME?
B39: =MOD(com.sun.star.sheet.addin.Analysis.getQuotient(IFERROR(CODE(MID(LLM!B2,5,1)),0),2^2),2) -> #NAME?
B40: =MOD(com.sun.star.sheet.addin.Analysis.getQuotient(IFERROR(CODE(MID(LLM!B2,5,1)),0),2^1),2) -> #NAME?
B41: =MOD(com.sun.star.sheet.addin.Analysis.getQuotient(IFERROR(CODE(MID(LLM!B2,5,1)),0),2^0),2) -> #NAME?
B42: =MOD(com.sun.star.sheet.addin.Analysis.getQuotient(IFERROR(CODE(MID(LLM!B2,6,1)),0),2^7),2) -> #NAME?
B43: =MOD(com.sun.star.sheet.addin.Analysis.getQuotient(IFERROR(CODE(MID(LLM!B2,6,1)),0),2^6),2) -> #NAME?
B44: =MOD(com.sun.star.sheet.addin.Analysis.getQuotient(IFERROR(CODE(MID(LLM!B2,6,1)),0),2^5),2) -> #NAME?
B45: =MOD(com.sun.star.sheet.addin.Analysis.getQuotient(IFERROR(CODE(MID(LLM!B2,6,1)),0),2^4),2) -> #NAME?
B46: =MOD(com.sun.star.sheet.addin.Analysis.getQuotient(IFERROR(CODE(MID(LLM!B2,6,1)),0),2^3),2) -> #NAME?
B47: =MOD(com.sun.star.sheet.addin.Analysis.getQuotient(IFERROR(CODE(MID(LLM!B2,6,1)),0),2^2),2) -> #NAME?
B48: =MOD(com.sun.star.sheet.addin.Analysis.getQuotient(IFERROR(CODE(MID(LLM!B2,6,1)),0),2^1),2) -> #NAME?
B49: =MOD(com.sun.star.sheet.addin.Analysis.getQuotient(IFERROR(CODE(MID(LLM!B2,6,1)),0),2^0),2) -> #NAME?
B50: =MOD(com.sun.star.sheet.addin.Analysis.getQuotient(IFERROR(CODE(MID(LLM!B2,7,1)),0),2^7),2) -> #NAME?
B51: =MOD(com.sun.star.sheet.addin.Analysis.getQuotient(IFERROR(CODE(MID(LLM!B2,7,1)),0),2^6),2) -> #NAME?
B52: =MOD(com.sun.star.sheet.addin.Analysis.getQuotient(IFERROR(CODE(MID(LLM!B2,7,1)),0),2^5),2) -> #NAME?
B53: =MOD(com.sun.star.sheet.addin.Analysis.getQuotient(IFERROR(CODE(MID(LLM!B2,7,1)),0),2^4),2) -> #NAME?
B54: =MOD(com.sun.star.sheet.addin.Analysis.getQuotient(IFERROR(CODE(MID(LLM!B2,7,1)),0),2^3),2) -> #NAME?
B55: =MOD(com.sun.star.sheet.addin.Analysis.getQuotient(IFERROR(CODE(MID(LLM!B2,7,1)),0),2^2),2) -> #NAME?
B56: =MOD(com.sun.star.sheet.addin.Analysis.getQuotient(IFERROR(CODE(MID(LLM!B2,7,1)),0),2^1),2) -> #NAME?
B57: =MOD(com.sun.star.sheet.addin.Analysis.getQuotient(IFERROR(CODE(MID(LLM!B2,7,1)),0),2^0),2) -> #NAME?
B58: =MOD(com.sun.star.sheet.addin.Analysis.getQuotient(IFERROR(CODE(MID(LLM!B2,8,1)),0),2^7),2) -> #NAME?
B59: =MOD(com.sun.star.sheet.addin.Analysis.getQuotient(IFERROR(CODE(MID(LLM!B2,8,1)),0),2^6),2) -> #NAME?
B60: =MOD(com.sun.star.sheet.addin.Analysis.getQuotient(IFERROR(CODE(MID(LLM!B2,8,1)),0),2^5),2) -> #NAME?
B61: =MOD(com.sun.star.sheet.addin.Analysis.getQuotient(IFERROR(CODE(MID(LLM!B2,8,1)),0),2^4),2) -> #NAME?
B62: =MOD(com.sun.star.sheet.addin.Analysis.getQuotient(IFERROR(CODE(MID(LLM!B2,8,1)),0),2^3),2) -> #NAME?
B63: =MOD(com.sun.star.sheet.addin.Analysis.getQuotient(IFERROR(CODE(MID(LLM!B2,8,1)),0),2^2),2) -> #NAME?
B64: =MOD(com.sun.star.sheet.addin.Analysis.getQuotient(IFERROR(CODE(MID(LLM!B2,8,1)),0),2^1),2) -> #NAME?
B65: =MOD(com.sun.star.sheet.addin.Analysis.getQuotient(IFERROR(CODE(MID(LLM!B2,8,1)),0),2^0),2) -> #NAME?
B66: =MOD(com.sun.star.sheet.addin.Analysis.getQuotient(IFERROR(CODE(MID(LLM!B2,9,1)),0),2^7),2) -> #NAME?
B67: =MOD(com.sun.star.sheet.addin.Analysis.getQuotient(IFERROR(CODE(MID(LLM!B2,9,1)),0),2^6),2) -> #NAME?
B68: =MOD(com.sun.star.sheet.addin.Analysis.getQuotient(IFERROR(CODE(MID(LLM!B2,9,1)),0),2^5),2) -> #NAME?
B69: =MOD(com.sun.star.sheet.addin.Analysis.getQuotient(IFERROR(CODE(MID(LLM!B2,9,1)),0),2^4),2) -> #NAME?
B70: =MOD(com.sun.star.sheet.addin.Analysis.getQuotient(IFERROR(CODE(MID(LLM!B2,9,1)),0),2^3),2) -> #NAME?
B71: =MOD(com.sun.star.sheet.addin.Analysis.getQuotient(IFERROR(CODE(MID(LLM!B2,9,1)),0),2^2),2) -> #NAME?
B72: =MOD(com.sun.star.sheet.addin.Analysis.getQuotient(IFERROR(CODE(MID(LLM!B2,9,1)),0),2^1),2) -> #NAME?
B73: =MOD(com.sun.star.sheet.addin.Analysis.getQuotient(IFERROR(CODE(MID(LLM!B2,9,1)),0),2^0),2) -> #NAME?
B74: =MOD(com.sun.star.sheet.addin.Analysis.getQuotient(IFERROR(CODE(MID(LLM!B2,10,1)),0),2^7),2) -> #NAME?
B75: =MOD(com.sun.star.sheet.addin.Analysis.getQuotient(IFERROR(CODE(MID(LLM!B2,10,1)),0),2^6),2) -> #NAME?
B76: =MOD(com.sun.star.sheet.addin.Analysis.getQuotient(IFERROR(CODE(MID(LLM!B2,10,1)),0),2^5),2) -> #NAME?
B77: =MOD(com.sun.star.sheet.addin.Analysis.getQuotient(IFERROR(CODE(MID(LLM!B2,10,1)),0),2^4),2) -> #NAME?
B78: =MOD(com.sun.star.sheet.addin.Analysis.getQuotient(IFERROR(CODE(MID(LLM!B2,10,1)),0),2^3),2) -> #NAME?
B79: =MOD(com.sun.star.sheet.addin.Analysis.getQuotient(IFERROR(CODE(MID(LLM!B2,10,1)),0),2^2),2) -> #NAME?
B80: =MOD(com.sun.star.sheet.addin.Analysis.getQuotient(IFERROR(CODE(MID(LLM!B2,10,1)),0),2^1),2) -> #NAME?
B81: =MOD(com.sun.star.sheet.addin.Analysis.getQuotient(IFERROR(CODE(MID(LLM!B2,10,1)),0),2^0),2) -> #NAME?
B82: =MOD(com.sun.star.sheet.addin.Analysis.getQuotient(IFERROR(CODE(MID(LLM!B2,11,1)),0),2^7),2) -> #NAME?
B83: =MOD(com.sun.star.sheet.addin.Analysis.getQuotient(IFERROR(CODE(MID(LLM!B2,11,1)),0),2^6),2) -> #NAME?
B84: =MOD(com.sun.star.sheet.addin.Analysis.getQuotient(IFERROR(CODE(MID(LLM!B2,11,1)),0),2^5),2) -> #NAME?
B85: =MOD(com.sun.star.sheet.addin.Analysis.getQuotient(IFERROR(CODE(MID(LLM!B2,11,1)),0),2^4),2) -> #NAME?
B86: =MOD(com.sun.star.sheet.addin.Analysis.getQuotient(IFERROR(CODE(MID(LLM!B2,11,1)),0),2^3),2) -> #NAME?
B87: =MOD(com.sun.star.sheet.addin.Analysis.getQuotient(IFERROR(CODE(MID(LLM!B2,11,1)),0),2^2),2) -> #NAME?
B88: =MOD(com.sun.star.sheet.addin.Analysis.getQuotient(IFERROR(CODE(MID(LLM!B2,11,1)),0),2^1),2) -> #NAME?
B89: =MOD(com.sun.star.sheet.addin.Analysis.getQuotient(IFERROR(CODE(MID(LLM!B2,11,1)),0),2^0),2) -> #NAME?
B90: =MOD(com.sun.star.sheet.addin.Analysis.getQuotient(IFERROR(CODE(MID(LLM!B2,12,1)),0),2^7),2) -> #NAME?
B91: =MOD(com.sun.star.sheet.addin.Analysis.getQuotient(IFERROR(CODE(MID(LLM!B2,12,1)),0),2^6),2) -> #NAME?
B92: =MOD(com.sun.star.sheet.addin.Analysis.getQuotient(IFERROR(CODE(MID(LLM!B2,12,1)),0),2^5),2) -> #NAME?
B93: =MOD(com.sun.star.sheet.addin.Analysis.getQuotient(IFERROR(CODE(MID(LLM!B2,12,1)),0),2^4),2) -> #NAME?
B94: =MOD(com.sun.star.sheet.addin.Analysis.getQuotient(IFERROR(CODE(MID(LLM!B2,12,1)),0),2^3),2) -> #NAME?
B95: =MOD(com.sun.star.sheet.addin.Analysis.getQuotient(IFERROR(CODE(MID(LLM!B2,12,1)),0),2^2),2) -> #NAME?
B96: =MOD(com.sun.star.sheet.addin.Analysis.getQuotient(IFERROR(CODE(MID(LLM!B2,12,1)),0),2^1),2) -> #NAME?
B97: =MOD(com.sun.star.sheet.addin.Analysis.getQuotient(IFERROR(CODE(MID(LLM!B2,12,1)),0),2^0),2) -> #NAME?
B98: =MOD(com.sun.star.sheet.addin.Analysis.getQuotient(IFERROR(CODE(MID(LLM!B2,13,1)),0),2^7),2) -> #NAME?
B99: =MOD(com.sun.star.sheet.addin.Analysis.getQuotient(IFERROR(CODE(MID(LLM!B2,13,1)),0),2^6),2) -> #NAME?
B100: =MOD(com.sun.star.sheet.addin.Analysis.getQuotient(IFERROR(CODE(MID(LLM!B2,13,1)),0),2^5),2) -> #NAME?
B101: =MOD(com.sun.star.sheet.addin.Analysis.getQuotient(IFERROR(CODE(MID(LLM!B2,13,1)),0),2^4),2) -> #NAME?
...

Sheet WEIGHTS
A2: -15 | B2: 55 | C2: 28 | D2: 12 | E2: -42 | F2: -42 | G2: -54 | H2: 45
A3: 12 | B3: -351 | C3: -73 | D3: 97 | E3: 280 | F3: -54 | G3: -209 | H3: -39
A4: -24 | B4: -335 | C4: -54 | D4: 137 | E4: 262 | F4: -60 | G4: -165 | H4: 1
A5: -5 | B5: -287 | C5: -49 | D5: 249 | E5: 334 | F5: -391 | G5: -161 | H5: -40
A6: -53 | B6: -305 | C6: 6 | D6: -47 | E6: -710 | F6: 401 | G6: 364 | H6: -7
A7: -46 | B7: -263 | C7: -62 | D7: -64 | E7: -606 | F7: 734 | G7: 180 | H7: 16
A8: 6 | B8: -244 | C8: 7 | D8: 158 | E8: 430 | F8: 181 | G8: -187 | H8: 69
A9: -50 | B9: -234 | C9: -60 | D9: 222 | E9: 455 | F9: -251 | G9: -84 | H9: -18
A10: -27
A11: -527
A12: -99
A13: 217
A14: -384
A15: 577
A16: 94
A17: -19
A18: -81
A19: -493
A20: 3
A21: -1303
... A26: -1060
A28: -15 | B28: 55 | C28: 28 | D28: 12 | E28: -42 | F28: -42 | G28: -54 | H28: 45
A29: 12 | B29: 505 | C29: -79 | D29: 71 | E29: -289 | F29: 127 | G29: -18 | H29: -39
A30: -24 | B30: 535 | C30: -68 | D30: 48 | E30: -226 | F30: 107 | G30: 25 | H30: -3
A31: -5 | B31: 548 | C31: -46 | D31: 147 | E31: -203 | F31: -6 | G31: 62 | H31: -40
A32: -53 | B32: -983 | C32: -6 | D32: -405 | E32: -170 | F32: 831 | G32: 730 | H32: -7
A33: -46 | B33: 773 | C33: -65 | D33: 196 | E33: -147 | F33: -6 | G33: -201 | H33: 17
A34: 6 | B34: -515 | C34: -4 | D34: -365 | E34: -302 | F34: 760 | G34: 424 | H34: 65
A35: -50 | B35: 824 | C35: -63 | D35: 167 | E35: -156 | F35: -112 | G35: 43 | H35: -18
A36: -27
A37: -182
A38: -114
A39: -241
A40: -431
A41: 1162
A42: 596
A43: -23
A44: -81
A45: 616
A46: 0
A47: 313
... A52: -155
A54: -15 | B54: 55 | C54: 28 | D54: 12 | E54: -42 | F54: -42 | G54: -54 | H54: 45
A55: 12 | B55: 103 | C55: -78 | D55: 19 | E55: 362 | F55: -105 | G55: -37 | H55: -53
A56: -24 | B56: 160 | C56: -60 | D56: 9 | E56: 418 | F56: -135 | G56: -19 | H56: 20
A57: -5 | B57: -570 | C57: -47 | D57: -521 | E57: -298 | F57: 138 | G57: 425 | H57: -40
A58: -53 | B58: 169 | C58: -1 | D58: 118 | E58: 462 | F58: -360 | G58: 113 | H58: 14
A59: -46 | B59: 280 | C59: -63 | D59: 148 | E59: 478 | F59: 33 | G59: -3 | H59: 37
A60: 6 | B60: 362 | C60: 0 | D60: 192 | E60: 357 | F60: 160 | G60: -52 | H60: 90
A61: -50 | B61: -408 | C61: -61 | D61: -491 | E61: -225 | F61: 262 | G61: 444 | H61: -18
A62: -27
A63: -240
A64: -107
A65: -387
A66: 75
A67: 373
A68: 549
A69: 2
A70: -81
A71: 47
A72: 0
A73: 269
... A78: -1131
A80: -15 | B80: 55 | C80: 28 | D80: 12 | E80: -42 | F80: -42 | G80: -54 | H80: 45
A81: 12 | B81: 233 | C81: -83 | D81: -75 | E81: 568 | F81: 476 | G81: -193 | H81: -39
A82: -24 | B82: 270 | C82: -86 | D82: -79 | E82: 592 | F82: 518 | G82: -179 | H82: 6
A83: -5 | B83: 356 | C83: -51 | D83: 179 | E83: 565 | F83: 281 | G83: -175 | H83: -40
A84: -53 | B84: 318 | C84: -25 | D84: 175 | E84: 686 | F84: 232 | G84: -129 | H84: -7
A85: -46 | B85: -709 | C85: -67 | D85: -417 | E85: -430 | F85: 738 | G85: 199 | H85: 20
A86: 6 | B86: 629 | C86: -23 | D86: 23 | E86: 768 | F86: 500 | G86: -190 | H86: 74
A87: -50 | B87: 587 | C87: -65 | D87: 146 | E87: 719 | F87: 350 | G87: -112 | H87: -17
A88: -27
A89: -287
A90: -135
A91: -173
A92: -49
A93: 1334
A94: 93
A95: -14
A96: -81
A97: 120
A98: -11
A99: -825
... A104: -1317
A106: -15 | B106: 55 | C106: 28 | D106: 12 | E106: -42 | F106: -42 | G106: -54 | H106: 45
A107: 12 | B107: 103 | C107: -78 | D107: 19 | E107: 362 | F107: -105 | G107: -37 | H107: -53
A108: -24 | B108: 160 | C108: -60 | D108: 9 | E108: 418 | F108: -135 | G108: -19 | H108: 20
A109: -5 | B109: -570 | C109: -47 | D109: -521 | E109: -298 | F109: 138 | G109: 425 | H109: -40
A110: -53 | B110: 169 | C110: -1 | D110: 118 | E110: 462 | F110: -360 | G110: 113 | H110: 14
A111: -46 | B111: 280 | C111: -63 | D111: 148 | E111: 478 | F111: 33 | G111: -3 | H111: 37
A112: 6 | B112: 362 | C112: 0 | D112: 192 | E112: 357 | F112: 160 | G112: -52 | H112: 90
A113: -50 | B113: -408 | C113: -61 | D113: -491 | E113: -225 | F113: 262 | G113: 444 | H113: -18
A114: -27
A115: -240
A116: -107
A117: -387
A118: 75
A119: 373
A120: 549
A121: 2
...

Sheet VERIFY
Z1: =--(SUM(H10,H30,H50,H70,H90,H110,H130,H150,H170,H190,H210,H230,H250,H270,H290,H310,H330,H350,H370,H390,H410,H430,H450,H470,H490,H510,H530)=27) -> #NAME?
C10: =MAX(0,(SUMPRODUCT(BITS!B2:B9,WEIGHTS!A2:A9)+WEIGHTS!A10)/100) -> #NAME? | H10: =--((SUMPRODUCT(C10:C17,WEIGHTS!A18:A25)+WEIGHTS!A26)/100>0) -> #NAME?
C11: =MAX(0,(SUMPRODUCT(BITS!B2:B9,WEIGHTS!B2:B9)+WEIGHTS!A11)/100) -> #NAME?
C12: =MAX(0,(SUMPRODUCT(BITS!B2:B9,WEIGHTS!C2:C9)+WEIGHTS!A12)/100) -> #NAME?
C13: =MAX(0,(SUMPRODUCT(BITS!B2:B9,WEIGHTS!D2:D9)+WEIGHTS!A13)/100) -> #NAME?
C14: =MAX(0,(SUMPRODUCT(BITS!B2:B9,WEIGHTS!E2:E9)+WEIGHTS!A14)/100) -> #NAME?
C15: =MAX(0,(SUMPRODUCT(BITS!B2:B9,WEIGHTS!F2:F9)+WEIGHTS!A15)/100) -> #NAME?
C16: =MAX(0,(SUMPRODUCT(BITS!B2:B9,WEIGHTS!G2:G9)+WEIGHTS!A16)/100) -> #NAME?
C17: =MAX(0,(SUMPRODUCT(BITS!B2:B9,WEIGHTS!H2:H9)+WEIGHTS!A17)/100) -> #NAME?
C30: =MAX(0,(SUMPRODUCT(BITS!B10:B17,WEIGHTS!A28:A35)+WEIGHTS!A36)/100) -> #NAME? | H30: =--((SUMPRODUCT(C30:C37,WEIGHTS!A44:A51)+WEIGHTS!A52)/100>0) -> #NAME?
C31: =MAX(0,(SUMPRODUCT(BITS!B10:B17,WEIGHTS!B28:B35)+WEIGHTS!A37)/100) -> #NAME?
C32: =MAX(0,(SUMPRODUCT(BITS!B10:B17,WEIGHTS!C28:C35)+WEIGHTS!A38)/100) -> #NAME?
C33: =MAX(0,(SUMPRODUCT(BITS!B10:B17,WEIGHTS!D28:D35)+WEIGHTS!A39)/100) -> #NAME?
C34: =MAX(0,(SUMPRODUCT(BITS!B10:B17,WEIGHTS!E28:E35)+WEIGHTS!A40)/100) -> #NAME?
C35: =MAX(0,(SUMPRODUCT(BITS!B10:B17,WEIGHTS!F28:F35)+WEIGHTS!A41)/100) -> #NAME?
C36: =MAX(0,(SUMPRODUCT(BITS!B10:B17,WEIGHTS!G28:G35)+WEIGHTS!A42)/100) -> #NAME?
C37: =MAX(0,(SUMPRODUCT(BITS!B10:B17,WEIGHTS!H28:H35)+WEIGHTS!A43)/100) -> #NAME?
C50: =MAX(0,(SUMPRODUCT(BITS!B18:B25,WEIGHTS!A54:A61)+WEIGHTS!A62)/100) -> #NAME? | H50: =--((SUMPRODUCT(C50:C57,WEIGHTS!A70:A77)+WEIGHTS!A78)/100>0) -> #NAME?
C51: =MAX(0,(SUMPRODUCT(BITS!B18:B25,WEIGHTS!B54:B61)+WEIGHTS!A63)/100) -> #NAME?
C52: =MAX(0,(SUMPRODUCT(BITS!B18:B25,WEIGHTS!C54:C61)+WEIGHTS!A64)/100) -> #NAME?
C53: =MAX(0,(SUMPRODUCT(BITS!B18:B25,WEIGHTS!D54:D61)+WEIGHTS!A65)/100) -> #NAME?
C54: =MAX(0,(SUMPRODUCT(BITS!B18:B25,WEIGHTS!E54:E61)+WEIGHTS!A66)/100) -> #NAME?
C55: =MAX(0,(SUMPRODUCT(BITS!B18:B25,WEIGHTS!F54:F61)+WEIGHTS!A67)/100) -> #NAME?
C56: =MAX(0,(SUMPRODUCT(BITS!B18:B25,WEIGHTS!G54:G61)+WEIGHTS!A68)/100) -> #NAME?
C57: =MAX(0,(SUMPRODUCT(BITS!B18:B25,WEIGHTS!H54:H61)+WEIGHTS!A69)/100) -> #NAME?
C70: =MAX(0,(SUMPRODUCT(BITS!B26:B33,WEIGHTS!A80:A87)+WEIGHTS!A88)/100) -> #NAME? | H70: =--((SUMPRODUCT(C70:C77,WEIGHTS!A96:A103)+WEIGHTS!A104)/100>0) -> #NAME?
C71: =MAX(0,(SUMPRODUCT(BITS!B26:B33,WEIGHTS!B80:B87)+WEIGHTS!A89)/100) -> #NAME?
C72: =MAX(0,(SUMPRODUCT(BITS!B26:B33,WEIGHTS!C80:C87)+WEIGHTS!A90)/100) -> #NAME?
C73: =MAX(0,(SUMPRODUCT(BITS!B26:B33,WEIGHTS!D80:D87)+WEIGHTS!A91)/100) -> #NAME?
C74: =MAX(0,(SUMPRODUCT(BITS!B26:B33,WEIGHTS!E80:E87)+WEIGHTS!A92)/100) -> #NAME?
C75: =MAX(0,(SUMPRODUCT(BITS!B26:B33,WEIGHTS!F80:F87)+WEIGHTS!A93)/100) -> #NAME?
C76: =MAX(0,(SUMPRODUCT(BITS!B26:B33,WEIGHTS!G80:G87)+WEIGHTS!A94)/100) -> #NAME?
C77: =MAX(0,(SUMPRODUCT(BITS!B26:B33,WEIGHTS!H80:H87)+WEIGHTS!A95)/100) -> #NAME?
C90: =MAX(0,(SUMPRODUCT(BITS!B34:B41,WEIGHTS!A106:A113)+WEIGHTS!A114)/100) -> #NAME? | H90: =--((SUMPRODUCT(C90:C97,WEIGHTS!A122:A129)+WEIGHTS!A130)/100>0) -> #NAME?
C91: =MAX(0,(SUMPRODUCT(BITS!B34:B41,WEIGHTS!B106:B113)+WEIGHTS!A115)/100) -> #NAME?
C92: =MAX(0,(SUMPRODUCT(BITS!B34:B41,WEIGHTS!C106:C113)+WEIGHTS!A116)/100) -> #NAME?
C93: =MAX(0,(SUMPRODUCT(BITS!B34:B41,WEIGHTS!D106:D113)+WEIGHTS!A117)/100) -> #NAME?
C94: =MAX(0,(SUMPRODUCT(BITS!B34:B41,WEIGHTS!E106:E113)+WEIGHTS!A118)/100) -> #NAME?
C95: =MAX(0,(SUMPRODUCT(BITS!B34:B41,WEIGHTS!F106:F113)+WEIGHTS!A119)/100) -> #NAME?
C96: =MAX(0,(SUMPRODUCT(BITS!B34:B41,WEIGHTS!G106:G113)+WEIGHTS!A120)/100) -> #NAME?
C97: =MAX(0,(SUMPRODUCT(BITS!B34:B41,WEIGHTS!H106:H113)+WEIGHTS!A121)/100) -> #NAME?
C110: =MAX(0,(SUMPRODUCT(BITS!B42:B49,WEIGHTS!A132:A139)+WEIGHTS!A140)/100) -> #NAME? | H110: =--((SUMPRODUCT(C110:C117,WEIGHTS!A148:A155)+WEIGHTS!A156)/100>0) -> #NAME?
C111: =MAX(0,(SUMPRODUCT(BITS!B42:B49,WEIGHTS!B132:B139)+WEIGHTS!A141)/100) -> #NAME?
C112: =MAX(0,(SUMPRODUCT(BITS!B42:B49,WEIGHTS!C132:C139)+WEIGHTS!A142)/100) -> #NAME?
C113: =MAX(0,(SUMPRODUCT(BITS!B42:B49,WEIGHTS!D132:D139)+WEIGHTS!A143)/100) -> #NAME?
C114: =MAX(0,(SUMPRODUCT(BITS!B42:B49,WEIGHTS!E132:E139)+WEIGHTS!A144)/100) -> #NAME?
C115: =MAX(0,(SUMPRODUCT(BITS!B42:B49,WEIGHTS!F132:F139)+WEIGHTS!A145)/100) -> #NAME?
C116: =MAX(0,(SUMPRODUCT(BITS!B42:B49,WEIGHTS!G132:G139)+WEIGHTS!A146)/100) -> #NAME?
C117: =MAX(0,(SUMPRODUCT(BITS!B42:B49,WEIGHTS!H132:H139)+WEIGHTS!A147)/100) -> #NAME?
C130: =MAX(0,(SUMPRODUCT(BITS!B50:B57,WEIGHTS!A158:A165)+WEIGHTS!A166)/100) -> #NAME? | H130: =--((SUMPRODUCT(C130:C137,WEIGHTS!A174:A181)+WEIGHTS!A182)/100>0) -> #NAME?
C131: =MAX(0,(SUMPRODUCT(BITS!B50:B57,WEIGHTS!B158:B165)+WEIGHTS!A167)/100) -> #NAME?
C132: =MAX(0,(SUMPRODUCT(BITS!B50:B57,WEIGHTS!C158:C165)+WEIGHTS!A168)/100) -> #NAME?
C133: =MAX(0,(SUMPRODUCT(BITS!B50:B57,WEIGHTS!D158:D165)+WEIGHTS!A169)/100) -> #NAME?
C134: =MAX(0,(SUMPRODUCT(BITS!B50:B57,WEIGHTS!E158:E165)+WEIGHTS!A170)/100) -> #NAME?
C135: =MAX(0,(SUMPRODUCT(BITS!B50:B57,WEIGHTS!F158:F165)+WEIGHTS!A171)/100) -> #NAME?
C136: =MAX(0,(SUMPRODUCT(BITS!B50:B57,WEIGHTS!G158:G165)+WEIGHTS!A172)/100) -> #NAME?
C137: =MAX(0,(SUMPRODUCT(BITS!B50:B57,WEIGHTS!H158:H165)+WEIGHTS!A173)/100) -> #NAME?
C150: =MAX(0,(SUMPRODUCT(BITS!B58:B65,WEIGHTS!A184:A191)+WEIGHTS!A192)/100) -> #NAME? | H150: =--((SUMPRODUCT(C150:C157,WEIGHTS!A200:A207)+WEIGHTS!A208)/100>0) -> #NAME?
C151: =MAX(0,(SUMPRODUCT(BITS!B58:B65,WEIGHTS!B184:B191)+WEIGHTS!A193)/100) -> #NAME?
C152: =MAX(0,(SUMPRODUCT(BITS!B58:B65,WEIGHTS!C184:C191)+WEIGHTS!A194)/100) -> #NAME?
C153: =MAX(0,(SUMPRODUCT(BITS!B58:B65,WEIGHTS!D184:D191)+WEIGHTS!A195)/100) -> #NAME?
C154: =MAX(0,(SUMPRODUCT(BITS!B58:B65,WEIGHTS!E184:E191)+WEIGHTS!A196)/100) -> #NAME?
C155: =MAX(0,(SUMPRODUCT(BITS!B58:B65,WEIGHTS!F184:F191)+WEIGHTS!A197)/100) -> #NAME?
C156: =MAX(0,(SUMPRODUCT(BITS!B58:B65,WEIGHTS!G184:G191)+WEIGHTS!A198)/100) -> #NAME?
C157: =MAX(0,(SUMPRODUCT(BITS!B58:B65,WEIGHTS!H184:H191)+WEIGHTS!A199)/100) -> #NAME?
C170: =MAX(0,(SUMPRODUCT(BITS!B66:B73,WEIGHTS!A210:A217)+WEIGHTS!A218)/100) -> #NAME? | H170: =--((SUMPRODUCT(C170:C177,WEIGHTS!A226:A233)+WEIGHTS!A234)/100>0) -> #NAME?
C171: =MAX(0,(SUMPRODUCT(BITS!B66:B73,WEIGHTS!B210:B217)+WEIGHTS!A219)/100) -> #NAME?
C172: =MAX(0,(SUMPRODUCT(BITS!B66:B73,WEIGHTS!C210:C217)+WEIGHTS!A220)/100) -> #NAME?
C173: =MAX(0,(SUMPRODUCT(BITS!B66:B73,WEIGHTS!D210:D217)+WEIGHTS!A221)/100) -> #NAME?
C174: =MAX(0,(SUMPRODUCT(BITS!B66:B73,WEIGHTS!E210:E217)+WEIGHTS!A222)/100) -> #NAME?
C175: =MAX(0,(SUMPRODUCT(BITS!B66:B73,WEIGHTS!F210:F217)+WEIGHTS!A223)/100) -> #NAME?
C176: =MAX(0,(SUMPRODUCT(BITS!B66:B73,WEIGHTS!G210:G217)+WEIGHTS!A224)/100) -> #NAME?
C177: =MAX(0,(SUMPRODUCT(BITS!B66:B73,WEIGHTS!H210:H217)+WEIGHTS!A225)/100) -> #NAME?
C190: =MAX(0,(SUMPRODUCT(BITS!B74:B81,WEIGHTS!A236:A243)+WEIGHTS!A244)/100) -> #NAME? | H190: =--((SUMPRODUCT(C190:C197,WEIGHTS!A252:A259)+WEIGHTS!A260)/100>0) -> #NAME?
C191: =MAX(0,(SUMPRODUCT(BITS!B74:B81,WEIGHTS!B236:B243)+WEIGHTS!A245)/100) -> #NAME?
C192: =MAX(0,(SUMPRODUCT(BITS!B74:B81,WEIGHTS!C236:C243)+WEIGHTS!A246)/100) -> #NAME?
C193: =MAX(0,(SUMPRODUCT(BITS!B74:B81,WEIGHTS!D236:D243)+WEIGHTS!A247)/100) -> #NAME?
C194: =MAX(0,(SUMPRODUCT(BITS!B74:B81,WEIGHTS!E236:E243)+WEIGHTS!A248)/100) -> #NAME?
C195: =MAX(0,(SUMPRODUCT(BITS!B74:B81,WEIGHTS!F236:F243)+WEIGHTS!A249)/100) -> #NAME?
C196: =MAX(0,(SUMPRODUCT(BITS!B74:B81,WEIGHTS!G236:G243)+WEIGHTS!A250)/100) -> #NAME?
C197: =MAX(0,(SUMPRODUCT(BITS!B74:B81,WEIGHTS!H236:H243)+WEIGHTS!A251)/100) -> #NAME?
C210: =MAX(0,(SUMPRODUCT(BITS!B82:B89,WEIGHTS!A262:A269)+WEIGHTS!A270)/100) -> #NAME? | H210: =--((SUMPRODUCT(C210:C217,WEIGHTS!A278:A285)+WEIGHTS!A286)/100>0) -> #NAME?
C211: =MAX(0,(SUMPRODUCT(BITS!B82:B89,WEIGHTS!B262:B269)+WEIGHTS!A271)/100) -> #NAME?
C212: =MAX(0,(SUMPRODUCT(BITS!B82:B89,WEIGHTS!C262:C269)+WEIGHTS!A272)/100) -> #NAME?
C213: =MAX(0,(SUMPRODUCT(BITS!B82:B89,WEIGHTS!D262:D269)+WEIGHTS!A273)/100) -> #NAME?
C214: =MAX(0,(SUMPRODUCT(BITS!B82:B89,WEIGHTS!E262:E269)+WEIGHTS!A274)/100) -> #NAME?
C215: =MAX(0,(SUMPRODUCT(BITS!B82:B89,WEIGHTS!F262:F269)+WEIGHTS!A275)/100) -> #NAME?
C216: =MAX(0,(SUMPRODUCT(BITS!B82:B89,WEIGHTS!G262:G269)+WEIGHTS!A276)/100) -> #NAME?
C217: =MAX(0,(SUMPRODUCT(BITS!B82:B89,WEIGHTS!H262:H269)+WEIGHTS!A277)/100) -> #NAME?
C230: =MAX(0,(SUMPRODUCT(BITS!B90:B97,WEIGHTS!A288:A295)+WEIGHTS!A296)/100) -> #NAME? | H230: =--((SUMPRODUCT(C230:C237,WEIGHTS!A304:A311)+WEIGHTS!A312)/100>0) -> #NAME?
C231: =MAX(0,(SUMPRODUCT(BITS!B90:B97,WEIGHTS!B288:B295)+WEIGHTS!A297)/100) -> #NAME?
C232: =MAX(0,(SUMPRODUCT(BITS!B90:B97,WEIGHTS!C288:C295)+WEIGHTS!A298)/100) -> #NAME?
C233: =MAX(0,(SUMPRODUCT(BITS!B90:B97,WEIGHTS!D288:D295)+WEIGHTS!A299)/100) -> #NAME?
C234: =MAX(0,(SUMPRODUCT(BITS!B90:B97,WEIGHTS!E288:E295)+WEIGHTS!A300)/100) -> #NAME?
C235: =MAX(0,(SUMPRODUCT(BITS!B90:B97,WEIGHTS!F288:F295)+WEIGHTS!A301)/100) -> #NAME?
C236: =MAX(0,(SUMPRODUCT(BITS!B90:B97,WEIGHTS!G288:G295)+WEIGHTS!A302)/100) -> #NAME?
C237: =MAX(0,(SUMPRODUCT(BITS!B90:B97,WEIGHTS!H288:H295)+WEIGHTS!A303)/100) -> #NAME?
C250: =MAX(0,(SUMPRODUCT(BITS!B98:B105,WEIGHTS!A314:A321)+WEIGHTS!A322)/100) -> #NAME? | H250: =--((SUMPRODUCT(C250:C257,WEIGHTS!A330:A337)+WEIGHTS!A338)/100>0) -> #NAME?
C251: =MAX(0,(SUMPRODUCT(BITS!B98:B105,WEIGHTS!B314:B321)+WEIGHTS!A323)/100) -> #NAME?
C252: =MAX(0,(SUMPRODUCT(BITS!B98:B105,WEIGHTS!C314:C321)+WEIGHTS!A324)/100) -> #NAME?
...
